pergunta,resposta
"Como posso melhorar meu currículo?","Para melhorar seu currículo, mantenha-o conciso e direto, destacando suas experiências mais relevantes. Use palavras-chave relacionadas à sua área e evite informações desnecessárias, como cursos que não agregam valor à vaga desejada."
"O que devo incluir na seção de habilidades do meu currículo?","Na seção de habilidades, inclua habilidades técnicas e interpessoais relevantes para a vaga. Exemplo: conhecimento em linguagens de programação, ferramentas específicas, gestão de projetos, habilidades de comunicação e liderança."
"Devo incluir um resumo no meu currículo?","Sim, um resumo no início do currículo pode ser útil para destacar suas principais habilidades e experiências em poucas frases. Isso ajuda o recrutador a entender rapidamente o seu perfil profissional."
"Como destacar minhas experiências no currículo?","Liste suas experiências profissionais em ordem cronológica inversa, destacando suas principais conquistas e responsabilidades em cada cargo. Use números e métricas para mostrar resultados obtidos, como aumento de vendas ou redução de custos."
"O que são palavras-chave em um currículo?","Palavras-chave são termos relacionados à sua área de atuação que recrutadores e sistemas de seleção automática procuram em currículos. Inclua palavras-chave como 'gestão de projetos', 'desenvolvimento de software', ou outras relacionadas à vaga desejada."
"Devo incluir todos os meus empregos no currículo?","Não é necessário incluir todos os empregos. Foque nas experiências mais relevantes para a vaga à qual você está se candidatando, especialmente as que demonstram suas habilidades e competências relacionadas ao cargo."
"Como devo organizar a educação no meu currículo?","Liste sua formação acadêmica em ordem cronológica inversa, começando pelo curso mais recente. Inclua informações como o nome da instituição, o curso e a data de conclusão. Para cursos relevantes, inclua também certificados e especializações."
"Como posso deixar meu currículo mais atrativo?","Use um layout limpo e organizado, escolha uma fonte legível e evite excesso de informações. Destaque suas principais habilidades e conquistas, e utilize marcadores para facilitar a leitura. Adapte o conteúdo do currículo para cada vaga específica."
"Como incluir experiências extracurriculares no currículo?","Experiências extracurriculares, como trabalhos voluntários, projetos pessoais e participação em grupos de estudo, podem ser incluídas na seção 'Experiências Adicionais'. Destaque as habilidades que você desenvolveu nessas atividades e como elas se relacionam com a vaga."
"Como analisar se meu currículo está bom?","Revise seu currículo para verificar se ele está claro, conciso e livre de erros gramaticais. Verifique se as informações estão atualizadas e se suas principais habilidades e experiências estão destacadas. Peça feedback para colegas ou profissionais da área."
"Qual é o tamanho ideal do currículo?","O tamanho ideal do currículo é de uma página para profissionais iniciantes e até duas páginas para profissionais mais experientes. O importante é ser conciso e focar em destacar suas experiências e habilidades mais relevantes para a vaga."
"Devo incluir uma foto no meu currículo?","Depende da cultura da empresa e do país. Em alguns lugares, incluir uma foto é comum, enquanto em outros pode ser considerado desnecessário. Se optar por colocar uma foto, escolha uma que seja profissional e condizente com o ambiente de trabalho."
"O que evitar ao elaborar um currículo?","Evite erros gramaticais, informações desnecessárias, mentiras ou exageros. Também é importante evitar um layout desorganizado e fontes difíceis de ler. Mantenha um tom profissional e foque nas informações que agregam valor ao seu perfil."
"Como posso adaptar meu currículo para diferentes vagas?","Para adaptar seu currículo, destaque as experiências e habilidades que são mais relevantes para a vaga desejada. Utilize as palavras-chave mencionadas na descrição da vaga e, se necessário, ajuste o resumo profissional para refletir o que a empresa está procurando."
"O que é um currículo funcional?","Um currículo funcional destaca suas habilidades e competências em vez de focar na ordem cronológica das experiências. Ele é útil para quem está mudando de carreira, tem pouca experiência na área ou deseja destacar habilidades específicas."
"Como devo apresentar minhas habilidades técnicas no currículo?","Na seção de habilidades, liste suas habilidades técnicas relevantes, como conhecimentos em software, linguagens de programação, ferramentas específicas, etc. Utilize marcadores e separe as habilidades por categorias para facilitar a leitura."
"Como incluir projetos no meu currículo?","Inclua uma seção de 'Projetos' em seu currículo, especialmente se você tiver projetos relevantes para a vaga. Descreva brevemente o projeto, suas responsabilidades e os resultados obtidos. Use números e métricas para destacar o impacto do projeto."
"Como destacar habilidades de soft skills no currículo?","Para destacar soft skills como comunicação, trabalho em equipe e liderança, inclua exemplos concretos em suas experiências profissionais. Por exemplo, você pode mencionar como liderou um projeto ou facilitou a comunicação entre equipes."
"Devo incluir cursos online no currículo?","Sim, incluir cursos online pode ser útil, especialmente se eles forem relevantes para a vaga. Liste-os em uma seção de 'Certificações' ou 'Formação Complementar', incluindo o nome do curso, a instituição e o ano de conclusão."
"Como posso melhorar a seção de resumo do meu currículo?","Na seção de resumo, destaque suas principais habilidades, experiências e objetivos profissionais em 3 a 4 frases. Foque em como você pode contribuir para a empresa, utilizando palavras-chave relevantes para a área desejada."
"O que é ATS e como otimizar meu currículo para ele?","ATS (Applicant Tracking System) é um sistema automatizado que muitos recrutadores usam para filtrar currículos. Para otimizar seu currículo, use palavras-chave relacionadas à vaga, escolha um layout simples e evite elementos gráficos complexos."
"Devo incluir referências no meu currículo?","Não é necessário incluir referências diretamente no currículo. Em vez disso, é comum colocar 'Referências disponíveis mediante solicitação'. Dessa forma, você pode fornecer as referências apropriadas quando solicitado."
"Como posso melhorar meu perfil no LinkedIn?","No LinkedIn, mantenha seu perfil completo e atualizado. Use uma foto profissional, escreva um resumo atraente destacando suas principais habilidades e experiências, e inclua palavras-chave relacionadas à sua área. Além disso, peça recomendações e participe de grupos relevantes."
"Como destacar experiências internacionais no currículo?","Experiências internacionais podem ser um diferencial. Inclua uma seção específica para 'Experiência Internacional' ou destaque essas experiências em sua seção de experiências profissionais, focando em habilidades culturais e de adaptação adquiridas."
"Como devo organizar meu currículo se tenho várias experiências curtas?","Se você tem várias experiências curtas, agrupe trabalhos similares em uma única entrada, mencionando os cargos e as empresas, ou foque em listar suas principais realizações e habilidades desenvolvidas em cada experiência."
"Devo mencionar hobbies no currículo?","Incluir hobbies pode ser interessante se eles agregam valor ao seu perfil profissional. Por exemplo, atividades como esportes em equipe podem destacar sua habilidade de trabalho em grupo, enquanto hobbies relacionados à vaga mostram paixão pela área."
"Como descrever experiências de estágio no currículo?","Descreva suas experiências de estágio como faria com qualquer outra experiência profissional. Destaque as principais atividades, responsabilidades e as habilidades que você desenvolveu, especialmente aquelas que são relevantes para a vaga."
"O que escrever na carta de apresentação?","Na carta de apresentação, destaque por que você é o candidato ideal para a vaga, enfatizando suas habilidades e experiências mais relevantes. Mostre conhecimento sobre a empresa e como suas competências podem contribuir para seus objetivos."
"Como evitar clichês no currículo?","Evite clichês como 'trabalhador dedicado' e 'bom em trabalho em equipe' sem dar exemplos concretos. Em vez disso, foque em listar suas conquistas e resultados tangíveis, mostrando como você aplicou essas habilidades na prática."
"Como listar trabalhos voluntários no currículo?","Trabalhos voluntários podem ser incluídos em uma seção separada de 'Experiência Voluntária' ou 'Trabalhos Voluntários'. Descreva as atividades, responsabilidades e habilidades adquiridas, especialmente se forem relevantes para a vaga."
"Como adaptar meu currículo para uma mudança de carreira?","Para uma mudança de carreira, foque em destacar habilidades transferíveis, experiências e projetos relevantes para a nova área. Adapte o resumo profissional para enfatizar seu interesse e motivação para a mudança, e inclua cursos e certificações relacionados."
"Como incluir habilidades de linguagem no currículo?","Crie uma seção específica para 'Idiomas' no currículo. Liste os idiomas que você conhece e seu nível de proficiência (básico, intermediário, avançado, fluente). Para idiomas estrangeiros, mencione se você possui certificações reconhecidas, como TOEFL ou DELE."
"Qual é a melhor maneira de incluir links no currículo?","Inclua links para seu LinkedIn, portfólio, GitHub ou outras redes profissionais. Certifique-se de que os links estejam atualizados e apontem para conteúdo relevante. Insira-os em uma seção de 'Contato' ou 'Portfólio' no cabeçalho do currículo."
"O que é um currículo orientado por resultados?","Um currículo orientado por resultados destaca suas principais realizações e impactos nas empresas onde trabalhou. Em vez de listar apenas responsabilidades, inclua exemplos concretos de como suas ações contribuíram para o sucesso do negócio, usando métricas e números quando possível."
"Como incluir uma experiência em startup no currículo?","Ao listar uma experiência em startup, destaque a variedade de atividades que você desempenhou, pois startups costumam demandar profissionais multifuncionais. Foque nas habilidades adquiridas, em como você se adaptou ao ambiente dinâmico e nos resultados alcançados."
"Como listar um trabalho autônomo no currículo?","Trabalhos autônomos podem ser listados em uma seção de 'Experiência Profissional' ou 'Trabalhos Independentes'. Inclua uma breve descrição das atividades realizadas, os projetos principais e as habilidades desenvolvidas ou aplicadas."
"Como apresentar gaps na carreira no currículo?","Se houver períodos sem emprego, seja transparente e, se possível, destaque atividades realizadas durante o gap, como cursos, projetos pessoais ou trabalhos voluntários. Mencione brevemente as razões para o gap, se forem relevantes, na carta de apresentação ou em uma entrevista."